ds,Proyecto,Cliente,Servicio,Ingresos,HorasFacturadas,CosteEquipo,MargenBruto,margen_pct,Seniority,Satisfaccion,year,month,quarter
2025-01-01,Data Lake Retail,El Corte Inglés,Big Data,38967,288,25396,13571,34.826904816896345,Junior,94,2025,1,1
2025-01-01,Apache NiFi Pipeline,Telefónica,Big Data,21954,157,13461,8493,38.68543317846406,SemiSenior,93,2025,1,1
2025-01-01,Cloud Migration AWS,Mapfre,Cloud,29268,210,19018,10250,35.02118354516878,Junior,95,2025,1,1
2025-01-01,Fraud Detection,BBVA,IA,39413,288,23944,15469,39.24847131657068,SemiSenior,85,2025,1,1
2025-01-01,IA Documental,Ministerio Justicia,IA,29622,212,18441,11181,37.745594490581325,Junior,79,2025,1,1
2025-01-01,KloudAnalytics Migration,Iberdrola,Cloud,34086,251,20391,13695,40.177785601126565,Junior,75,2025,1,1
2025-01-01,Kloudoop On-Premise,Santander GlobalTech,Big Data,41732,304,25147,16585,39.741685037860634,Junior,89,2025,1,1
2025-01-01,Smart Medical Codex,Grupo Hospitales Madrid,IA,37828,269,22592,15236,40.277043459870995,Junior,72,2025,1,1
2025-02-01,Smart Medical Codex,Grupo Hospitales Madrid,IA,41583,296,25796,15787,37.96503378784599,Senior,71,2025,2,1
2025-02-01,Kloudoop On-Premise,Santander GlobalTech,Big Data,44532,324,29909,14623,32.837060989849995,SemiSenior,90,2025,2,1
2025-02-01,KloudAnalytics Migration,Iberdrola,Cloud,31826,235,19252,12574,39.508577892289324,Senior,88,2025,2,1
2025-02-01,IA Documental,Ministerio Justicia,IA,35029,250,22202,12827,36.61823060892404,Junior,78,2025,2,1
2025-02-01,Fraud Detection,BBVA,IA,45506,333,27570,17936,39.414582692392216,SemiSenior,78,2025,2,1
2025-02-01,Data Lake Retail,El Corte Inglés,Big Data,35350,261,23363,11987,33.909476661951906,Junior,80,2025,2,1
2025-02-01,Cloud Migration AWS,Mapfre,Cloud,29577,213,17412,12165,41.12993204178923,Junior,93,2025,2,1
2025-02-01,Apache NiFi Pipeline,Telefónica,Big Data,25646,183,15873,9773,38.107307182406615,Junior,94,2025,2,1
2025-03-01,Data Lake Retail,El Corte Inglés,Big Data,35981,266,24136,11845,32.92015230260415,SemiSenior,81,2025,3,1
2025-03-01,IA Documental,Ministerio Justicia,IA,31009,221,18377,12632,40.736560353445775,Junior,76,2025,3,1
2025-03-01,Fraud Detection,BBVA,IA,44078,322,27485,16593,37.644629974136755,SemiSenior,82,2025,3,1
2025-03-01,Kloudoop On-Premise,Santander GlobalTech,Big Data,51363,374,33478,17885,34.82078539026147,Junior,83,2025,3,1
2025-03-01,Cloud Migration AWS,Mapfre,Cloud,26944,194,17178,9766,36.24554631828978,Senior,75,2025,3,1
2025-03-01,Apache NiFi Pipeline,Telefónica,Big Data,23766,170,15967,7799,32.815787259109655,SemiSenior,93,2025,3,1
2025-03-01,KloudAnalytics Migration,Iberdrola,Cloud,38825,286,23270,15555,40.06439150032195,Senior,93,2025,3,1
2025-03-01,Smart Medical Codex,Grupo Hospitales Madrid,IA,41606,296,27340,14266,34.288323799452,SemiSenior,80,2025,3,1
2025-04-01,Apache NiFi Pipeline,Telefónica,Big Data,27184,194,16684,10500,38.62566215420836,SemiSenior,84,2025,4,2
2025-04-01,Kloudoop On-Premise,Santander GlobalTech,Big Data,50012,364,31784,18228,36.44725265936175,Junior,76,2025,4,2
2025-04-01,KloudAnalytics Migration,Iberdrola,Cloud,40067,295,24574,15493,38.66773154965433,SemiSenior,78,2025,4,2
2025-04-01,IA Documental,Ministerio Justicia,IA,37634,269,23634,14000,37.20040389009937,Junior,85,2025,4,2
2025-04-01,Fraud Detection,BBVA,IA,46708,341,30337,16371,35.049670292027066,Junior,70,2025,4,2
2025-04-01,Data Lake Retail,El Corte Inglés,Big Data,46767,345,30130,16637,35.57422969187675,Senior,88,2025,4,2
2025-04-01,Cloud Migration AWS,Mapfre,Cloud,29789,214,19625,10164,34.1199771727819,SemiSenior,73,2025,4,2
2025-04-01,Smart Medical Codex,Grupo Hospitales Madrid,IA,41817,297,24939,16878,40.36157543582753,SemiSenior,76,2025,4,2
2025-05-01,IA Documental,Ministerio Justicia,IA,38133,272,24770,13363,35.04313848897281,Senior,83,2025,5,2
2025-05-01,Smart Medical Codex,Grupo Hospitales Madrid,IA,51625,367,33875,17750,34.38256658595641,Junior,94,2025,5,2
2025-05-01,Kloudoop On-Premise,Santander GlobalTech,Big Data,58048,422,35228,22820,39.31229327453142,Senior,88,2025,5,2
2025-05-01,KloudAnalytics Migration,Iberdrola,Cloud,35413,261,22837,12576,35.512382458419225,SemiSenior,90,2025,5,2
2025-05-01,Apache NiFi Pipeline,Telefónica,Big Data,28026,200,17599,10427,37.20473845714694,Junior,95,2025,5,2
2025-05-01,Cloud Migration AWS,Mapfre,Cloud,30687,221,19039,11648,37.95744126177208,Senior,90,2025,5,2
2025-05-01,Data Lake Retail,El Corte Inglés,Big Data,47831,353,29933,17898,37.41924693190609,SemiSenior,83,2025,5,2
2025-05-01,Fraud Detection,BBVA,IA,60474,442,38839,21635,35.77570526176539,Senior,83,2025,5,2
2025-06-01,Fraud Detection,BBVA,IA,62310,455,41727,20583,33.033220991815114,Senior,77,2025,6,2
2025-06-01,Data Lake Retail,El Corte Inglés,Big Data,42597,314,25927,16670,39.13421132943635,Senior,72,2025,6,2
2025-06-01,Cloud Migration AWS,Mapfre,Cloud,32920,237,20134,12786,38.839611178614824,SemiSenior,85,2025,6,2
2025-06-01,Apache NiFi Pipeline,Telefónica,Big Data,33286,238,20591,12695,38.13915760379739,SemiSenior,75,2025,6,2
2025-06-01,IA Documental,Ministerio Justicia,IA,39485,282,25749,13736,34.78789413701406,Junior,81,2025,6,2
2025-06-01,KloudAnalytics Migration,Iberdrola,Cloud,38507,284,25747,12760,33.13683226426364,SemiSenior,80,2025,6,2
2025-06-01,Kloudoop On-Premise,Santander GlobalTech,Big Data,65189,474,40399,24790,38.027888140637224,Senior,88,2025,6,2
2025-06-01,Smart Medical Codex,Grupo Hospitales Madrid,IA,52648,374,32189,20459,38.859975687585475,SemiSenior,70,2025,6,2
2025-07-01,KloudAnalytics Migration,Iberdrola,Cloud,38806,286,24153,14653,37.75962480028861,SemiSenior,94,2025,7,3
2025-07-01,Fraud Detection,BBVA,IA,52526,384,33810,18716,35.63187754635799,Junior,90,2025,7,3
2025-07-01,Data Lake Retail,El Corte Inglés,Big Data,37394,276,24668,12726,34.032197678772,SemiSenior,76,2025,7,3
2025-07-01,Cloud Migration AWS,Mapfre,Cloud,33155,238,21904,11251,33.934549841652846,SemiSenior,92,2025,7,3
2025-07-01,Apache NiFi Pipeline,Telefónica,Big Data,25688,183,15798,9890,38.500467144191845,Senior,86,2025,7,3
2025-07-01,Kloudoop On-Premise,Santander GlobalTech,Big Data,59682,434,37970,21712,36.379477899534194,Junior,79,2025,7,3
2025-07-01,Smart Medical Codex,Grupo Hospitales Madrid,IA,46324,329,29670,16654,35.95112684569553,Senior,82,2025,7,3
2025-07-01,IA Documental,Ministerio Justicia,IA,31857,228,20707,11150,35.00015695137647,SemiSenior,78,2025,7,3
2025-08-01,Smart Medical Codex,Grupo Hospitales Madrid,IA,30726,218,20184,10542,34.30970513571568,Junior,81,2025,8,3
2025-08-01,Kloudoop On-Premise,Santander GlobalTech,Big Data,34154,248,22213,11941,34.962229899865314,Senior,72,2025,8,3
2025-08-01,KloudAnalytics Migration,Iberdrola,Cloud,24030,177,15217,8813,36.67498959633791,Junior,82,2025,8,3
2025-08-01,IA Documental,Ministerio Justicia,IA,26563,190,16463,10100,38.02281368821293,Senior,81,2025,8,3
2025-08-01,Data Lake Retail,El Corte Inglés,Big Data,30092,222,18741,11351,37.72098896716735,Senior,73,2025,8,3
2025-08-01,Cloud Migration AWS,Mapfre,Cloud,21412,154,12704,8708,40.66878385951803,Junior,85,2025,8,3
2025-08-01,Apache NiFi Pipeline,Telefónica,Big Data,21204,151,13177,8027,37.85606489341634,SemiSenior,88,2025,8,3
2025-08-01,Fraud Detection,BBVA,IA,40143,293,24757,15386,38.32797748050719,Senior,70,2025,8,3
2025-09-01,Apache NiFi Pipeline,Telefónica,Big Data,32323,231,21464,10859,33.59527271602264,SemiSenior,90,2025,9,3
2025-09-01,Cloud Migration AWS,Mapfre,Cloud,32326,232,20274,12052,37.28268267029636,Junior,70,2025,9,3
2025-09-01,Data Lake Retail,El Corte Inglés,Big Data,46997,347,29888,17109,36.40445134795838,Senior,93,2025,9,3
2025-09-01,Fraud Detection,BBVA,IA,59671,436,35702,23969,40.16859110790836,Junior,73,2025,9,3
2025-09-01,KloudAnalytics Migration,Iberdrola,Cloud,40274,297,24778,15496,38.476436410587475,Senior,70,2025,9,3
2025-09-01,IA Documental,Ministerio Justicia,IA,40244,287,23972,16272,40.4333565251963,Junior,76,2025,9,3
2025-09-01,Smart Medical Codex,Grupo Hospitales Madrid,IA,51893,369,32334,19559,37.69101805638525,SemiSenior,72,2025,9,3
2025-09-01,Kloudoop On-Premise,Santander GlobalTech,Big Data,63849,464,42602,21247,33.276950304624975,Senior,81,2025,9,3
2025-10-01,Smart Medical Codex,Grupo Hospitales Madrid,IA,52069,370,31359,20710,39.77414584493653,SemiSenior,72,2025,10,4
2025-10-01,Kloudoop On-Premise,Santander GlobalTech,Big Data,61937,450,37826,24111,38.92826581849299,Senior,94,2025,10,4
2025-10-01,KloudAnalytics Migration,Iberdrola,Cloud,37732,278,24249,13483,35.733594826672324,Junior,86,2025,10,4
2025-10-01,IA Documental,Ministerio Justicia,IA,33406,239,20810,12596,37.70580135305035,Junior,76,2025,10,4
2025-10-01,Fraud Detection,BBVA,IA,53346,390,33680,19666,36.8649945637911,Junior,93,2025,10,4
2025-10-01,Data Lake Retail,El Corte Inglés,Big Data,40307,298,24451,15856,39.338080234202494,Senior,81,2025,10,4
2025-10-01,Apache NiFi Pipeline,Telefónica,Big Data,30892,221,19690,11202,36.261815356726665,Senior,74,2025,10,4
2025-10-01,Cloud Migration AWS,Mapfre,Cloud,33025,237,20421,12604,38.16502649507949,Senior,70,2025,10,4
2025-11-01,Apache NiFi Pipeline,Telefónica,Big Data,31411,224,20672,10739,34.188660023558626,SemiSenior,76,2025,11,4
2025-11-01,Smart Medical Codex,Grupo Hospitales Madrid,IA,50302,358,30207,20095,39.948709792851176,Senior,84,2025,11,4
2025-11-01,Cloud Migration AWS,Mapfre,Cloud,31541,227,18560,12981,41.155955740147746,SemiSenior,89,2025,11,4
2025-11-01,IA Documental,Ministerio Justicia,IA,39620,283,23885,15735,39.71479050984351,Junior,93,2025,11,4
2025-11-01,Fraud Detection,BBVA,IA,61164,447,39001,22163,36.23536720946962,Junior,78,2025,11,4
2025-11-01,KloudAnalytics Migration,Iberdrola,Cloud,46497,343,30564,15933,34.26672688560552,Senior,76,2025,11,4
2025-11-01,Kloudoop On-Premise,Santander GlobalTech,Big Data,66428,483,40346,26082,39.26356355753598,Senior,89,2025,11,4
2025-11-01,Data Lake Retail,El Corte Inglés,Big Data,42708,315,26723,15985,37.428584808466795,Senior,92,2025,11,4
2025-12-01,KloudAnalytics Migration,Iberdrola,Cloud,28118,207,16880,11238,39.967280745429974,SemiSenior,81,2025,12,4
2025-12-01,IA Documental,Ministerio Justicia,IA,26873,192,16445,10428,38.80474826033565,SemiSenior,74,2025,12,4
2025-12-01,Cloud Migration AWS,Mapfre,Cloud,26360,189,17442,8918,33.83156297420334,Junior,92,2025,12,4
2025-12-01,Apache NiFi Pipeline,Telefónica,Big Data,22296,159,14991,7305,32.76372443487621,Senior,73,2025,12,4
2025-12-01,Fraud Detection,BBVA,IA,42796,313,26128,16668,38.94756519300869,Senior,94,2025,12,4
2025-12-01,Data Lake Retail,El Corte Inglés,Big Data,32423,239,20806,11617,35.82950374733985,Junior,78,2025,12,4
2025-12-01,Smart Medical Codex,Grupo Hospitales Madrid,IA,36399,259,23727,12672,34.814143245693565,Senior,91,2025,12,4
2025-12-01,Kloudoop On-Premise,Santander GlobalTech,Big Data,47244,344,30745,16499,34.92295317923969,SemiSenior,93,2025,12,4
2026-01-01,Apache NiFi Pipeline,Telefónica,Big Data,24350,174,15091,9259,38.02464065708419,SemiSenior,94,2026,1,1
2026-01-01,Cloud Migration AWS,Mapfre,Cloud,28208,203,17577,10631,37.68788996029495,Senior,75,2026,1,1
2026-01-01,Data Lake Retail,El Corte Inglés,Big Data,32896,243,20582,12314,37.43312256809339,Junior,70,2026,1,1
2026-01-01,Fraud Detection,BBVA,IA,43052,315,27242,15810,36.72303261172535,Senior,79,2026,1,1
2026-01-01,IA Documental,Ministerio Justicia,IA,32806,234,19840,12966,39.523257940620624,Junior,88,2026,1,1
2026-01-01,KloudAnalytics Migration,Iberdrola,Cloud,32726,241,21652,11074,33.8385381653731,Junior,86,2026,1,1
2026-01-01,Kloudoop On-Premise,Santander GlobalTech,Big Data,42546,309,26328,16218,38.11874206740939,Senior,92,2026,1,1
2026-01-01,Smart Medical Codex,Grupo Hospitales Madrid,IA,35571,253,21736,13835,38.89404290011526,Junior,75,2026,1,1
2026-02-01,Kloudoop On-Premise,Santander GlobalTech,Big Data,52954,385,33902,19052,35.97839634399668,Senior,71,2026,2,1
2026-02-01,Data Lake Retail,El Corte Inglés,Big Data,37386,276,24551,12835,34.331033007007974,Junior,75,2026,2,1
2026-02-01,KloudAnalytics Migration,Iberdrola,Cloud,31760,234,20697,11063,34.8331234256927,SemiSenior,88,2026,2,1
2026-02-01,IA Documental,Ministerio Justicia,IA,34496,246,20415,14081,40.819225417439704,Senior,81,2026,2,1
2026-02-01,Fraud Detection,BBVA,IA,42000,307,25091,16909,40.25952380952381,SemiSenior,89,2026,2,1
2026-02-01,Cloud Migration AWS,Mapfre,Cloud,31732,228,19005,12727,40.10777763771587,Senior,72,2026,2,1
2026-02-01,Apache NiFi Pipeline,Telefónica,Big Data,23493,168,14798,8695,37.01102456050738,SemiSenior,94,2026,2,1
2026-02-01,Smart Medical Codex,Grupo Hospitales Madrid,IA,39100,278,24313,14787,37.81841432225064,Senior,70,2026,2,1
2026-03-01,Cloud Migration AWS,Mapfre,Cloud,33520,241,20351,13169,39.286992840095465,Senior,71,2026,3,1
2026-03-01,Apache NiFi Pipeline,Telefónica,Big Data,23494,168,15123,8371,35.63037371243722,Junior,81,2026,3,1
2026-03-01,Fraud Detection,BBVA,IA,46728,341,30837,15891,34.00744735490498,Senior,78,2026,3,1
2026-03-01,IA Documental,Ministerio Justicia,IA,32620,233,19625,12995,39.83752299202943,Senior,86,2026,3,1
2026-03-01,KloudAnalytics Migration,Iberdrola,Cloud,40410,298,26608,13802,34.154912150457804,SemiSenior,86,2026,3,1
2026-03-01,Kloudoop On-Premise,Santander GlobalTech,Big Data,46408,338,31243,15165,32.677555593863126,Senior,79,2026,3,1
2026-03-01,Smart Medical Codex,Grupo Hospitales Madrid,IA,44028,313,27498,16530,37.54428999727446,Senior,87,2026,3,1
2026-03-01,Data Lake Retail,El Corte Inglés,Big Data,43486,321,27651,15835,36.41401830474176,Junior,93,2026,3,1
2026-04-01,Kloudoop On-Premise,Santander GlobalTech,Big Data,53865,392,32636,21229,39.411491692193444,Senior,93,2026,4,2
2026-04-01,KloudAnalytics Migration,Iberdrola,Cloud,40570,299,26617,13953,34.39240818338674,SemiSenior,75,2026,4,2
2026-04-01,IA Documental,Ministerio Justicia,IA,34362,245,22133,12229,35.5887317385484,SemiSenior,90,2026,4,2
2026-04-01,Fraud Detection,BBVA,IA,47309,346,30239,17070,36.081929442600774,Junior,90,2026,4,2
2026-04-01,Data Lake Retail,El Corte Inglés,Big Data,41936,310,28104,13832,32.98359404807326,Junior,91,2026,4,2
2026-04-01,Cloud Migration AWS,Mapfre,Cloud,29674,213,19152,10522,35.45865067062074,SemiSenior,89,2026,4,2
2026-04-01,Apache NiFi Pipeline,Telefónica,Big Data,27370,196,18484,8886,32.46620387285349,SemiSenior,83,2026,4,2
2026-04-01,Smart Medical Codex,Grupo Hospitales Madrid,IA,45683,325,28498,17185,37.617932272398924,Senior,93,2026,4,2
